{"cameraMode":{"drawMode":0,"name":"Shaded","section":"Shading Mode"},"sceneLighting":false,"audioPlay":false,"sceneViewState":{"showFog":true,"showMaterialUpdate":false,"showSkybox":false,"showFlares":true,"showImageEffects":true,"showParticleSystems":true},"in2DMode":false,"pivot":{"x":1706.968505859375,"y":437.79718017578127,"z":100.5400390625},"rotation":{"x":-0.028784776106476785,"y":0.038071732968091968,"z":-0.0010968022979795933,"w":-0.9988617300987244},"size":1290.96142578125,"orthographic":false}