{"cameraMode":{"drawMode":0,"name":"Shaded","section":"Shading Mode"},"sceneLighting":false,"audioPlay":false,"sceneViewState":{"showFog":true,"showMaterialUpdate":false,"showSkybox":false,"showFlares":true,"showImageEffects":true,"showParticleSystems":true},"in2DMode":false,"pivot":{"x":-3.5,"y":-4.489999771118164,"z":-0.20000000298023225},"rotation":{"x":-0.16009265184402467,"y":0.49432480335235598,"z":-0.09317906200885773,"w":-0.8493208885192871},"size":2.5475480556488039,"orthographic":false}