{"cameraMode":{"drawMode":0,"name":"Shaded","section":"Shading Mode"},"sceneLighting":false,"audioPlay":false,"sceneViewState":{"showFog":true,"showMaterialUpdate":false,"showSkybox":false,"showFlares":true,"showImageEffects":true,"showParticleSystems":true},"in2DMode":false,"pivot":{"x":-3.5,"y":-4.489999771118164,"z":-0.20000000298023225},"rotation":{"x":-0.12001849710941315,"y":-0.00536414235830307,"z":0.0006491017993539572,"w":-0.9927632212638855},"size":17.189109802246095,"orthographic":false}