{"cameraMode":{"drawMode":0,"name":"Shaded","section":"Shading Mode"},"sceneLighting":true,"audioPlay":false,"sceneViewState":{"showFog":true,"showMaterialUpdate":false,"showSkybox":true,"showFlares":true,"showImageEffects":true,"showParticleSystems":true},"in2DMode":false,"pivot":{"x":-0.339834064245224,"y":2.540236711502075,"z":-4.866910934448242},"rotation":{"x":-0.018306903541088105,"y":-0.014400568790733815,"z":0.0002650434907991439,"w":-0.9997383952140808},"size":16.694000244140626,"orthographic":false}